2026-03-04 19:25:02.105197,0.0,0.0,False,1.0,0,0,0.0,lzo,1.0,1.0
2026-03-04 19:25:10.020749,0.0,0.2,False,1.0,0,0,0.0,lzo,1.0,1.0
2026-03-04 19:25:17.042842,0.0,2.7,False,1.0,0,0,0.0,lzo,1.0,1.0
2026-03-04 19:25:45.980684,0.0,0.2,False,1.0,0,0,0.0,lzo,1.0,1.0
2026-03-04 19:25:53.002456,0.0,0.0,False,1.0,0,0,0.0,lzo,1.0,1.0
2026-03-04 19:26:00.024241,0.0,0.5,False,1.0,0,0,0.0,lzo,1.0,1.0
2026-03-04 19:26:07.046424,0.0,0.0,False,1.0,0,0,0.0,lzo,1.0,1.0
2026-03-04 19:26:14.068009,0.0,0.0,False,1.0,0,0,0.0,lzo,1.0,1.0
2026-03-04 19:26:21.090752,0.0,22.5,False,1.0,0,0,0.0,lzo,1.0,1.0
2026-03-04 19:26:28.108702,0.0,22.4,False,1.0,0,0,0.0,lzo,1.0,1.0
2026-03-04 19:26:35.131563,0.0,0.0,False,1.0,0,0,0.0,lzo,1.0,1.0
2026-03-04 19:26:42.153684,0.0,0.0,False,1.0,0,0,0.0,lzo,1.0,1.0
2026-03-04 19:26:49.175905,0.0,4.5,False,1.0,0,0,0.0,lzo,1.0,1.0
2026-03-04 19:26:56.198491,0.0,13.3,False,1.0,0,0,0.0,lzo,1.0,1.0
2026-03-04 19:27:03.220770,0.0,17.2,False,1.0,0,0,0.0,lzo,1.0,1.0
2026-03-04 19:27:10.242315,0.0,10.8,False,1.0,0,0,0.0,lzo,1.0,1.0
2026-03-04 19:27:17.263943,0.0,2.5,False,1.0,0,0,0.0,lzo,1.0,1.0
2026-03-04 19:27:24.285703,0.0,22.6,False,1.0,0,0,0.0,lzo,1.0,1.0
2026-03-04 19:27:31.307233,0.0,20.2,False,1.0,0,0,0.0,lzo,1.0,1.0
2026-03-04 19:27:38.329419,0.0,0.0,False,1.0,0,0,0.0,lzo,1.0,1.0
2026-03-04 19:27:45.354081,0.0,0.0,False,1.0,0,0,0.0,lzo,1.0,1.0
2026-03-04 19:27:52.376372,0.0,0.0,False,1.0,0,0,0.0,lzo,1.0,1.0
2026-03-04 19:27:59.400546,0.0,0.0,False,1.0,0,0,0.0,lzo,1.0,1.0
2026-03-04 19:28:06.421918,0.0,0.0,False,1.0,0,0,0.0,lzo,1.0,1.0
2026-03-04 19:28:13.444506,0.0,0.0,False,1.0,0,0,0.0,lzo,1.0,1.0
2026-03-04 19:28:20.466215,0.0,4.0,False,1.0,0,0,0.0,lzo,1.0,1.0
2026-03-04 19:28:27.488286,0.0,13.7,False,1.0,0,0,0.0,lzo,1.0,1.0
2026-03-04 19:28:34.510167,0.0,16.3,False,1.0,0,0,0.0,lzo,1.0,1.0
2026-03-04 19:28:41.533110,0.0,9.2,False,1.0,0,0,0.0,lzo,1.0,1.0
2026-03-04 19:28:48.558731,0.0,0.0,False,1.0,0,0,0.0,lzo,1.0,1.0
2026-03-04 19:28:55.583177,0.0,0.0,False,1.0,0,0,0.0,lzo,1.0,1.0
2026-03-04 19:29:02.606960,0.0,0.2,False,1.0,0,0,0.0,lzo,1.0,1.0
2026-03-04 19:29:09.629636,0.0,0.0,False,1.0,0,0,0.0,lzo,1.0,1.0
2026-03-04 19:29:16.653612,0.0,0.0,False,1.0,0,0,0.0,lzo,1.0,1.0
2026-03-04 19:29:23.676996,0.0,0.0,False,1.0,0,0,0.0,lzo,1.0,1.0
2026-03-04 19:29:30.700627,0.0,0.2,False,1.0,0,0,0.0,lzo,1.0,1.0
2026-03-04 19:29:37.724415,0.0,0.0,False,1.0,0,0,0.0,lzo,1.0,1.0
2026-03-04 19:29:44.748392,0.0,0.0,False,1.0,0,0,0.0,lzo,1.0,1.0
2026-03-04 19:29:51.772790,0.0,0.0,False,1.0,0,0,0.0,lzo,1.0,1.0
2026-03-04 19:29:58.798046,0.0,0.0,False,1.0,0,0,0.0,lzo,1.0,1.0
2026-03-04 19:30:05.825416,0.0,0.0,False,1.0,0,0,0.0,lzo,1.0,1.0
2026-03-04 19:30:12.849887,0.0,0.0,False,1.0,0,0,0.0,lzo,1.0,1.0
2026-03-04 19:30:19.873233,0.0,0.0,False,1.0,0,0,0.0,lzo,1.0,1.0
2026-03-04 19:30:26.896205,0.0,2.2,False,1.0,0,0,0.0,lzo,1.0,1.0
2026-03-04 19:30:33.920209,0.0,11.3,False,1.0,0,0,0.0,lzo,1.0,1.0
2026-03-04 19:30:40.943237,0.0,16.5,False,1.0,0,0,0.0,lzo,1.0,1.0
2026-03-04 19:30:47.965736,0.0,12.2,False,1.0,0,0,0.0,lzo,1.0,1.0
2026-03-04 19:30:54.989379,0.0,3.2,False,1.0,0,0,0.0,lzo,1.0,1.0
2026-03-04 19:31:02.012420,0.0,0.0,False,1.0,0,0,0.0,lzo,1.0,1.0
2026-03-04 19:31:09.037396,0.0,0.0,False,1.0,0,0,0.0,lzo,1.0,1.0
2026-03-04 19:31:16.069030,0.0,0.2,False,1.0,0,0,0.0,lzo,1.0,1.0
2026-03-04 19:31:23.092388,0.0,0.0,False,1.0,0,0,0.0,lzo,1.0,1.0
2026-03-04 19:31:30.114598,0.0,0.3,False,1.0,0,0,0.0,lzo,1.0,1.0
2026-03-04 19:31:37.136189,0.0,0.3,False,1.0,0,0,0.0,lzo,1.0,1.0
2026-03-04 19:31:44.159070,0.0,0.0,False,1.0,0,0,0.0,lzo,1.0,1.0
2026-03-04 19:31:51.182572,0.0,0.0,False,1.0,0,0,0.0,lzo,1.0,1.0
2026-03-04 19:31:58.206175,0.0,26.1,False,1.0,0,0,0.0,lzo,1.0,1.0
2026-03-04 19:32:05.229164,0.0,0.0,False,1.0,0,0,0.0,lzo,1.0,1.0
2026-03-04 19:32:12.253053,0.0,0.5,False,1.0,0,0,0.0,lzo,1.0,1.0
2026-03-04 19:32:19.275439,0.0,1.0,False,1.0,0,0,0.0,lzo,1.0,1.0
2026-03-04 19:32:26.297953,0.0,0.0,False,1.0,0,0,0.0,lzo,1.0,1.0
2026-03-04 19:32:33.321745,0.0,0.0,False,1.0,0,0,0.0,lzo,1.0,1.0
2026-03-04 19:32:40.344513,0.0,0.3,False,1.0,0,0,0.0,lzo,1.0,1.0
2026-03-04 19:32:47.367018,0.0,0.2,False,1.0,0,0,0.0,lzo,1.0,1.0
2026-03-04 19:32:54.388767,0.0,1.3,False,1.0,0,0,0.0,lzo,1.0,1.0
2026-03-04 19:33:01.411729,0.0,0.0,False,1.0,0,0,0.0,lzo,1.0,1.0
2026-03-04 19:33:08.433514,0.0,0.0,False,1.0,0,0,0.0,lzo,1.0,1.0
2026-03-04 19:33:15.456427,0.0,0.2,False,1.0,0,0,0.0,lzo,1.0,1.0
2026-03-04 19:33:22.478722,0.0,0.0,False,1.0,0,0,0.0,lzo,1.0,1.0
2026-03-04 19:33:29.500852,0.0,0.2,False,1.0,0,0,0.0,lzo,1.0,1.0
2026-03-04 19:33:36.522441,0.0,0.5,False,1.0,0,0,0.0,lzo,1.0,1.0
2026-03-04 19:33:43.545121,0.0,0.0,False,1.0,0,0,0.0,lzo,1.0,1.0
2026-03-04 19:33:50.567843,0.0,0.5,False,1.0,0,0,0.0,lzo,1.0,1.0
2026-03-04 19:33:57.589799,0.0,0.3,False,1.0,0,0,0.0,lzo,1.0,1.0
2026-03-04 19:34:04.612198,0.0,0.5,False,1.0,0,0,0.0,lzo,1.0,1.0
2026-03-04 19:34:11.634475,0.0,0.0,False,1.0,0,0,0.0,lzo,1.0,1.0
2026-03-04 19:34:18.656521,0.0,0.0,False,1.0,0,0,0.0,lzo,1.0,1.0
2026-03-04 19:34:25.677271,0.0,0.0,False,1.0,0,0,0.0,lzo,1.0,1.0
2026-03-04 19:34:32.700588,0.0,0.0,False,1.0,0,0,0.0,lzo,1.0,1.0
2026-03-04 19:34:39.723491,0.0,0.0,False,1.0,0,0,0.0,lzo,1.0,1.0
2026-03-04 19:34:46.745337,0.0,0.0,False,1.0,0,0,0.0,lzo,1.0,1.0
2026-03-04 19:34:53.764424,0.0,0.2,False,1.0,0,0,0.0,lzo,1.0,1.0
2026-03-04 19:35:00.789137,0.0,0.0,False,1.0,0,0,0.0,lzo,1.0,1.0
2026-03-04 19:35:07.812415,0.0,0.2,False,1.0,0,0,0.0,lzo,1.0,1.0
2026-03-04 19:35:14.834190,0.0,0.0,False,1.0,0,0,0.0,lzo,1.0,1.0
2026-03-04 19:35:21.856637,0.0,0.0,False,1.0,0,0,0.0,lzo,1.0,1.0
2026-03-04 19:35:28.878151,0.0,0.0,False,1.0,0,0,0.0,lzo,1.0,1.0
2026-03-04 19:35:35.900419,0.0,0.2,False,1.0,0,0,0.0,lzo,1.0,1.0
2026-03-04 19:35:42.923587,0.0,0.0,False,1.0,0,0,0.0,lzo,1.0,1.0
2026-03-04 19:35:49.946147,0.0,0.0,False,1.0,0,0,0.0,lzo,1.0,1.0
2026-03-04 19:35:56.964550,0.0,0.2,False,1.0,0,0,0.0,lzo,1.0,1.0
2026-03-04 19:36:03.984773,0.0,0.2,False,1.0,0,0,0.0,lzo,1.0,1.0
2026-03-04 19:36:11.010543,0.0,0.0,False,1.0,0,0,0.0,lzo,1.0,1.0
2026-03-04 19:36:18.033764,0.0,0.0,False,1.0,0,0,0.0,lzo,1.0,1.0
2026-03-04 19:36:25.055845,0.0,0.0,False,1.0,0,0,0.0,lzo,1.0,1.0
2026-03-04 19:36:32.078583,0.0,0.0,False,1.0,0,0,0.0,lzo,1.0,1.0
2026-03-04 19:36:39.101201,0.0,0.0,False,1.0,0,0,0.0,lzo,1.0,1.0
2026-03-04 19:36:46.125033,0.0,0.0,False,1.0,0,0,0.0,lzo,1.0,1.0
2026-03-04 19:36:53.149253,0.0,0.0,False,1.0,0,0,0.0,lzo,1.0,1.0
2026-03-04 19:37:00.171446,0.0,1.2,False,1.0,0,0,0.0,lzo,1.0,1.0
2026-03-04 19:37:07.188211,0.0,0.5,False,1.0,0,0,0.0,lzo,1.0,1.0
2026-03-04 19:37:14.210700,0.0,0.3,False,1.0,0,0,0.0,lzo,1.0,1.0
2026-03-04 19:37:21.233130,0.0,0.0,False,1.0,0,0,0.0,lzo,1.0,1.0
2026-03-04 19:37:28.258295,0.0,0.3,False,1.0,0,0,0.0,lzo,1.0,1.0
2026-03-04 19:37:35.281560,0.0,0.0,False,1.0,0,0,0.0,lzo,1.0,1.0
2026-03-04 19:37:42.304042,0.0,1.5,False,1.0,0,0,0.0,lzo,1.0,1.0
2026-03-04 19:37:49.323881,0.0,0.5,False,1.0,0,0,0.0,lzo,1.0,1.0
2026-03-04 19:37:56.345835,0.0,0.5,False,1.0,0,0,0.0,lzo,1.0,1.0
2026-03-04 19:38:03.368902,0.0,0.0,False,1.0,0,0,0.0,lzo,1.0,1.0
2026-03-04 19:38:10.391446,0.0,0.0,False,1.0,0,0,0.0,lzo,1.0,1.0
2026-03-04 19:38:17.413251,0.0,0.0,False,1.0,0,0,0.0,lzo,1.0,1.0
2026-03-04 19:38:24.435749,0.0,0.3,False,1.0,0,0,0.0,lzo,1.0,1.0
2026-03-04 19:38:31.457878,0.0,0.2,False,1.0,0,0,0.0,lzo,1.0,1.0
2026-03-04 19:38:38.479976,0.0,0.2,False,1.0,0,0,0.0,lzo,1.0,1.0
2026-03-04 19:38:45.501757,0.0,0.0,False,1.0,0,0,0.0,lzo,1.0,1.0
2026-03-04 19:38:52.523549,0.0,0.0,False,1.0,0,0,0.0,lzo,1.0,1.0
2026-03-04 19:38:59.545517,0.0,0.0,False,1.0,0,0,0.0,lzo,1.0,1.0
2026-03-04 19:39:06.568351,0.0,0.0,False,1.0,0,0,0.0,lzo,1.0,1.0
2026-03-04 19:39:13.589596,0.0,0.0,False,1.0,0,0,0.0,lzo,1.0,1.0
2026-03-04 19:39:20.612038,0.0,0.0,False,1.0,0,0,0.0,lzo,1.0,1.0
2026-03-04 19:39:27.634591,0.0,0.0,False,1.0,0,0,0.0,lzo,1.0,1.0
2026-03-04 19:39:34.656379,0.0,0.2,False,1.0,0,0,0.0,lzo,1.0,1.0
2026-03-04 19:39:41.675090,0.0,25.3,False,1.0,0,0,0.0,lzo,1.0,1.0
2026-03-04 19:39:48.697598,0.0,16.2,False,1.0,0,0,0.0,lzo,1.0,1.0
2026-03-04 19:39:55.720436,0.0,0.0,False,1.0,0,0,0.0,lzo,1.0,1.0
2026-03-04 19:40:02.743150,0.0,0.0,False,1.0,0,0,0.0,lzo,1.0,1.0
2026-03-04 19:40:09.764923,0.0,0.0,False,1.0,0,0,0.0,lzo,1.0,1.0
2026-03-04 19:40:16.788852,0.0,0.0,False,1.0,0,0,0.0,lzo,1.0,1.0
2026-03-04 19:40:23.812933,0.0,0.0,False,1.0,0,0,0.0,lzo,1.0,1.0
2026-03-04 19:40:30.837553,0.0,0.0,False,1.0,0,0,0.0,lzo,1.0,1.0
2026-03-04 19:40:37.860450,0.0,0.2,False,1.0,0,0,0.0,lzo,1.0,1.0
2026-03-04 19:40:44.882989,0.0,0.2,False,1.0,0,0,0.0,lzo,1.0,1.0
2026-03-04 19:40:51.904802,0.0,0.5,False,1.0,0,0,0.0,lzo,1.0,1.0
2026-03-04 19:40:58.927335,0.0,0.0,False,1.0,0,0,0.0,lzo,1.0,1.0
2026-03-04 19:41:05.949025,0.0,0.0,False,1.0,0,0,0.0,lzo,1.0,1.0
2026-03-04 19:41:12.971078,0.0,0.0,False,1.0,0,0,0.0,lzo,1.0,1.0
2026-03-04 19:41:19.993792,0.0,0.2,False,1.0,0,0,0.0,lzo,1.0,1.0
2026-03-04 19:41:27.015738,0.0,0.0,False,1.0,0,0,0.0,lzo,1.0,1.0
2026-03-04 19:41:34.037424,0.0,25.0,False,1.0,0,0,0.0,lzo,1.0,1.0
2026-03-04 19:41:41.061346,0.0,25.0,False,1.0,0,0,0.0,lzo,1.0,1.0
2026-03-04 19:41:48.086222,0.0,25.0,False,1.0,0,0,0.0,lzo,1.0,1.0
2026-03-04 19:41:55.101004,0.0,25.0,False,1.0,0,0,0.0,lzo,1.0,1.0
2026-03-04 19:42:02.123949,0.0,25.2,False,1.0,0,0,0.0,lzo,1.0,1.0
2026-03-04 19:42:09.153351,0.0,26.1,False,1.0,0,0,0.0,lzo,1.0,1.0
2026-03-04 19:42:16.169225,0.0,24.8,False,1.0,0,0,0.0,lzo,1.0,1.0
2026-03-04 19:42:23.194419,0.0,25.0,False,1.0,0,0,0.0,lzo,1.0,1.0
2026-03-04 19:42:30.221123,0.0,50.0,False,1.0,0,0,0.0,lzo,1.0,1.0
2026-03-04 19:42:37.245437,0.0,50.0,False,1.0,0,0,0.0,lzo,1.0,1.0
2026-03-04 19:42:44.268070,0.0,50.0,False,1.0,0,0,0.0,lzo,1.0,1.0
2026-03-04 19:42:51.296869,0.0,50.0,False,1.0,0,0,0.0,lzo,1.0,1.0
2026-03-04 19:42:58.318868,0.0,50.0,False,1.0,0,0,0.0,lzo,1.0,1.0
2026-03-04 19:43:05.340679,0.0,50.1,False,1.0,0,0,0.0,lzo,1.0,1.0
2026-03-04 19:43:12.364023,0.0,50.1,False,1.0,0,0,0.0,lzo,1.0,1.0
2026-03-04 19:43:19.386084,0.0,50.0,False,1.0,0,0,0.0,lzo,1.0,1.0
2026-03-04 19:43:26.409085,0.0,50.1,False,1.0,0,0,0.0,lzo,1.0,1.0
2026-03-04 19:43:33.433784,0.0,75.0,False,1.0,0,0,0.0,lzo,1.0,1.0
2026-03-04 19:43:40.460612,0.0,75.3,False,1.0,0,0,0.0,lzo,1.0,1.0
2026-03-04 19:43:47.488610,0.0,75.1,False,1.0,0,0,0.0,lzo,1.0,1.0
2026-03-04 19:43:54.505967,0.0,75.0,False,1.0,0,0,0.0,lzo,1.0,1.0
2026-03-04 19:44:01.528026,0.0,75.0,False,1.0,0,0,0.0,lzo,1.0,1.0
2026-03-04 19:44:08.567595,0.0,75.0,False,1.0,0,0,0.0,lzo,1.0,1.0
2026-03-04 19:44:15.594411,0.0,75.0,False,1.0,0,0,0.0,lzo,1.0,1.0
2026-03-04 19:44:22.624899,0.0,75.1,False,1.0,0,0,0.0,lzo,1.0,1.0
2026-03-04 19:44:29.652639,0.0,97.8,False,1.0,0,0,0.0,lzo,1.0,1.0
2026-03-04 19:44:36.674664,0.0,100.0,False,1.0,0,0,0.0,lzo,1.0,1.0
2026-03-04 19:44:43.709263,0.0,100.0,False,1.0,0,0,0.0,lzo,1.0,1.0
2026-03-04 19:44:50.745053,0.0,100.0,False,1.0,0,0,0.0,lzo,1.0,1.0
2026-03-04 19:44:57.764940,0.0,100.0,False,1.0,0,0,0.0,lzo,1.0,1.0
2026-03-04 19:45:04.790349,0.0,100.0,False,1.0,0,0,0.0,lzo,1.0,1.0
2026-03-04 19:45:11.820617,0.0,100.0,False,1.0,0,0,0.0,lzo,1.0,1.0
2026-03-04 19:45:18.841684,0.0,100.0,False,1.0,0,0,0.0,lzo,1.0,1.0
2026-03-04 19:45:25.860895,0.0,100.0,False,1.0,0,0,0.0,lzo,1.0,1.0
2026-03-04 19:45:32.881156,0.0,100.0,False,1.0,0,0,0.0,lzo,1.0,1.0
2026-03-04 19:45:39.921259,0.0,100.0,False,1.0,0,0,0.0,lzo,1.0,1.0
2026-03-04 19:45:46.943181,0.0,100.0,False,1.0,0,0,0.0,lzo,1.0,1.0
2026-03-04 19:45:53.963956,0.0,100.0,False,1.0,0,0,0.0,lzo,1.0,1.0
2026-03-04 19:46:00.983250,0.0,100.0,False,1.0,0,0,0.0,lzo,1.0,1.0
2026-03-04 19:46:08.005405,0.0,100.0,False,1.0,0,0,0.0,lzo,1.0,1.0
2026-03-04 19:46:15.020933,0.0,100.0,False,1.0,0,0,0.0,lzo,1.0,1.0
2026-03-04 19:46:22.048474,0.0,100.0,False,1.0,0,0,0.0,lzo,1.0,1.0
2026-03-04 19:46:29.065274,0.0,73.3,False,1.0,0,0,0.0,lzo,1.0,1.0
2026-03-04 19:46:36.090436,0.0,25.0,False,1.0,0,0,0.0,lzo,1.0,1.0
2026-03-04 19:46:43.106528,0.0,26.2,False,1.0,0,0,0.0,lzo,1.0,1.0
2026-03-04 19:46:50.129554,0.0,25.1,False,1.0,0,0,0.0,lzo,1.0,1.0
2026-03-04 19:46:57.153015,0.0,25.2,False,1.0,0,0,0.0,lzo,1.0,1.0
2026-03-04 19:47:04.176389,0.0,25.0,False,1.0,0,0,0.0,lzo,1.0,1.0
2026-03-04 19:47:11.207670,0.0,25.2,False,1.0,0,0,0.0,lzo,1.0,1.0
2026-03-04 19:47:18.231276,0.0,25.0,False,1.0,0,0,0.0,lzo,1.0,1.0
2026-03-04 19:47:25.254993,0.0,25.0,False,1.0,0,0,0.0,lzo,1.0,1.0
2026-03-04 19:47:32.281843,0.0,50.0,False,1.0,0,0,0.0,lzo,1.0,1.0
2026-03-04 19:47:39.305535,0.0,50.1,False,1.0,0,0,0.0,lzo,1.0,1.0
2026-03-04 19:47:46.319732,0.0,50.0,False,1.0,0,0,0.0,lzo,1.0,1.0
2026-03-04 19:47:53.338818,0.0,50.0,False,1.0,0,0,0.0,lzo,1.0,1.0
2026-03-04 19:48:00.361789,0.0,50.0,False,1.0,0,0,0.0,lzo,1.0,1.0
2026-03-04 19:48:07.378653,0.0,50.0,False,1.0,0,0,0.0,lzo,1.0,1.0
2026-03-04 19:48:14.402842,0.0,50.1,False,1.0,0,0,0.0,lzo,1.0,1.0
2026-03-04 19:48:21.426456,0.0,50.0,False,1.0,0,0,0.0,lzo,1.0,1.0
2026-03-04 19:48:28.449464,0.0,50.1,False,1.0,0,0,0.0,lzo,1.0,1.0
2026-03-04 19:48:35.473851,0.0,75.0,False,1.0,0,0,0.0,lzo,1.0,1.0
2026-03-04 19:48:42.499804,0.0,75.0,False,1.0,0,0,0.0,lzo,1.0,1.0
2026-03-04 19:48:49.534765,0.0,75.4,False,1.0,0,0,0.0,lzo,1.0,1.0
2026-03-04 19:48:56.559112,0.0,75.0,False,1.0,0,0,0.0,lzo,1.0,1.0
2026-03-04 19:49:03.587006,0.0,75.3,False,1.0,0,0,0.0,lzo,1.0,1.0
2026-03-04 19:49:10.622719,0.0,75.0,False,1.0,0,0,0.0,lzo,1.0,1.0
2026-03-04 19:49:17.647909,0.0,75.2,False,1.0,0,0,0.0,lzo,1.0,1.0
2026-03-04 19:49:24.674594,0.0,75.0,False,1.0,0,0,0.0,lzo,1.0,1.0
2026-03-04 19:49:31.701599,0.0,100.0,False,1.0,0,0,0.0,lzo,1.0,1.0
2026-03-04 19:49:38.720907,0.0,0.2,False,1.0,0,0,0.0,lzo,1.0,1.0
2026-03-04 19:49:45.744313,0.0,0.7,False,1.0,0,0,0.0,lzo,1.0,1.0
2026-03-04 19:49:52.766484,0.0,0.0,False,1.0,0,0,0.0,lzo,1.0,1.0
2026-03-04 19:49:59.784098,0.0,0.7,False,1.0,0,0,0.0,lzo,1.0,1.0
2026-03-04 19:50:06.806195,0.0,0.2,False,1.0,0,0,0.0,lzo,1.0,1.0
2026-03-04 19:50:13.828774,0.0,0.2,False,1.0,0,0,0.0,lzo,1.0,1.0
2026-03-04 19:50:20.851242,0.0,0.0,False,1.0,0,0,0.0,lzo,1.0,1.0
2026-03-04 19:50:27.873375,0.0,0.0,False,1.0,0,0,0.0,lzo,1.0,1.0
2026-03-04 19:50:34.896124,0.0,0.3,False,1.0,0,0,0.0,lzo,1.0,1.0
2026-03-04 19:50:41.918896,0.0,0.5,False,1.0,0,0,0.0,lzo,1.0,1.0
2026-03-04 19:50:48.940912,0.0,0.0,False,1.0,0,0,0.0,lzo,1.0,1.0
2026-03-04 19:50:55.963214,0.0,0.0,False,1.0,0,0,0.0,lzo,1.0,1.0
2026-03-04 19:51:02.985442,0.0,0.0,False,1.0,0,0,0.0,lzo,1.0,1.0
2026-03-04 19:51:10.007781,0.0,0.0,False,1.0,0,0,0.0,lzo,1.0,1.0
2026-03-04 19:51:17.029956,0.0,0.0,False,1.0,0,0,0.0,lzo,1.0,1.0
2026-03-04 19:51:24.052089,0.0,0.2,False,1.0,0,0,0.0,lzo,1.0,1.0
2026-03-04 19:51:31.074640,0.0,0.0,False,1.0,0,0,0.0,lzo,1.0,1.0
2026-03-04 19:51:38.096692,0.0,0.5,False,1.0,0,0,0.0,lzo,1.0,1.0
2026-03-04 19:51:45.119160,0.0,0.3,False,1.0,0,0,0.0,lzo,1.0,1.0
2026-03-04 19:51:52.142679,0.0,0.2,False,1.0,0,0,0.0,lzo,1.0,1.0
2026-03-04 19:51:59.165402,0.0,0.2,False,1.0,0,0,0.0,lzo,1.0,1.0
2026-03-04 19:52:06.188179,0.0,0.0,False,1.0,0,0,0.0,lzo,1.0,1.0
2026-03-04 19:52:13.210258,0.0,0.3,False,1.0,0,0,0.0,lzo,1.0,1.0
2026-03-04 19:52:20.234171,0.0,0.0,False,1.0,0,0,0.0,lzo,1.0,1.0
2026-03-04 19:52:27.257293,0.0,0.2,False,1.0,0,0,0.0,lzo,1.0,1.0
2026-03-04 19:52:34.281463,0.0,25.1,False,1.0,0,0,0.0,lzo,1.0,1.0
2026-03-04 19:52:41.306595,0.0,25.0,False,1.0,0,0,0.0,lzo,1.0,1.0
2026-03-04 19:52:48.325966,0.0,25.0,False,1.0,0,0,0.0,lzo,1.0,1.0
2026-03-04 19:52:55.354240,0.0,25.0,False,1.0,0,0,0.0,lzo,1.0,1.0
2026-03-04 19:53:02.372506,0.0,25.3,False,1.0,0,0,0.0,lzo,1.0,1.0
2026-03-04 19:53:09.396760,0.0,25.5,False,1.0,0,0,0.0,lzo,1.0,1.0
2026-03-04 19:53:16.423400,0.0,25.2,False,1.0,0,0,0.0,lzo,1.0,1.0
2026-03-04 19:53:23.449141,0.0,25.1,False,1.0,0,0,0.0,lzo,1.0,1.0
2026-03-04 19:53:30.472877,0.0,34.7,False,1.0,0,0,0.0,lzo,1.0,1.0
2026-03-04 19:53:37.493243,0.0,50.2,False,1.0,0,0,0.0,lzo,1.0,1.0
2026-03-04 19:53:49.174985,0.0,50.0,False,1.0,0,0,0.0,lzo,1.0,1.0
2026-03-04 19:53:56.200735,0.0,50.0,False,1.0,0,0,0.0,lzo,1.0,1.0
2026-03-04 19:54:03.223638,0.0,50.0,False,1.0,0,0,0.0,lzo,1.0,1.0
2026-03-04 19:54:10.259392,0.0,50.0,False,1.0,0,0,0.0,lzo,1.0,1.0
2026-03-04 19:54:17.289829,0.0,50.0,False,1.0,0,0,0.0,lzo,1.0,1.0
2026-03-04 19:54:24.313148,0.0,40.9,False,1.0,0,0,0.0,lzo,1.0,1.0
2026-03-04 19:54:31.335183,0.0,0.0,False,1.0,0,0,0.0,lzo,1.0,1.0
2026-03-04 19:54:38.357386,0.0,0.0,False,1.0,0,0,0.0,lzo,1.0,1.0
2026-03-04 19:54:45.379328,0.0,0.2,False,1.0,0,0,0.0,lzo,1.0,1.0
2026-03-04 19:54:52.401229,0.0,0.0,False,1.0,0,0,0.0,lzo,1.0,1.0
2026-03-04 19:54:59.423918,0.0,0.2,False,1.0,0,0,0.0,lzo,1.0,1.0
2026-03-04 19:55:06.446765,0.0,0.0,False,1.0,0,0,0.0,lzo,1.0,1.0
2026-03-04 19:55:13.468833,0.0,0.5,False,1.0,0,0,0.0,lzo,1.0,1.0
2026-03-04 19:55:20.491239,0.0,0.0,False,1.0,0,0,0.0,lzo,1.0,1.0
2026-03-04 19:55:27.513734,0.0,0.0,False,1.0,0,0,0.0,lzo,1.0,1.0
2026-03-04 19:55:34.536757,0.0,0.0,False,1.0,0,0,0.0,lzo,1.0,1.0
2026-03-04 19:55:41.560155,0.0,36.9,False,1.0,0,0,0.0,lzo,1.0,1.0
2026-03-04 19:55:48.586850,0.0,25.2,False,1.0,0,0,0.0,lzo,1.0,1.0
2026-03-04 19:55:55.608725,0.0,25.2,False,1.0,0,0,0.0,lzo,1.0,1.0
2026-03-04 19:56:02.631450,0.0,25.3,False,1.0,0,0,0.0,lzo,1.0,1.0
2026-03-04 19:56:09.645613,0.0,25.2,False,1.0,0,0,0.0,lzo,1.0,1.0
2026-03-04 19:56:16.663253,0.0,25.5,False,1.0,0,0,0.0,lzo,1.0,1.0
2026-03-04 19:56:23.680330,0.0,25.7,False,1.0,0,0,0.0,lzo,1.0,1.0
2026-03-04 19:56:30.703544,0.0,25.7,False,1.0,0,0,0.0,lzo,1.0,1.0
2026-03-04 19:56:37.726435,0.0,25.6,False,1.0,0,0,0.0,lzo,1.0,1.0
2026-03-04 19:56:44.749087,0.0,27.0,False,0.21428571428571427,0,0,0.0,lzo,1.0,1.0
2026-03-04 19:56:51.777787,0.0,27.4,True,3.005851755526658,0,0,0.0,lzo,1.0,1.0
2026-03-04 19:56:58.809839,1.05,23.2,True,3.240043057050592,0,0,0.0,lzo,1.0,1.0
2026-03-04 19:57:05.831484,0.57,0.0,True,3.2206673842841766,0,0,0.0,lzo,1.0,1.0
2026-03-04 19:57:12.853660,0.25,0.0,True,3.2206673842841766,0,0,0.0,lzo,1.0,1.0
2026-03-04 19:57:19.875752,0.14,0.0,True,3.1824542518837458,0,0,0.0,lzo,1.0,1.0
2026-03-04 19:57:26.897969,0.42,0.0,True,3.150780829294561,0,0,0.0,lzo,1.0,1.0
2026-03-04 19:57:33.919833,0.23,0.2,True,3.150780829294561,0,0,0.0,lzo,1.0,1.0
2026-03-04 19:57:40.941969,0.1,0.0,True,3.150780829294561,0,0,0.0,lzo,1.0,1.0
2026-03-04 19:57:47.963886,0.05,0.5,True,3.124394184168013,0,0,0.0,lzo,1.0,1.0
2026-03-04 19:57:54.985712,0.02,0.0,True,3.1201508620689653,0,0,0.0,lzo,1.0,1.0
2026-03-04 19:58:02.007834,0.01,0.2,True,3.0829741379310347,0,0,0.0,lzo,1.0,1.0
2026-03-04 19:58:09.030226,0.0,0.0,True,3.0835129310344827,0,0,0.0,lzo,1.0,1.0
2026-03-04 19:58:16.053117,0.0,0.0,True,3.0835129310344827,0,0,0.0,lzo,1.0,1.0
2026-03-04 19:58:23.075595,0.0,0.2,True,3.0835129310344827,0,0,0.0,lzo,1.0,1.0
2026-03-04 19:58:30.098594,0.0,0.0,True,3.0835129310344827,0,0,0.0,lzo,1.0,1.0
2026-03-04 19:58:37.122351,0.0,0.0,True,3.0835129310344827,0,0,0.0,lzo,1.0,1.0
2026-03-04 19:58:44.145456,0.0,0.0,True,3.0835129310344827,0,0,0.0,lzo,1.0,1.0
2026-03-04 19:58:51.167496,0.0,0.0,True,3.0835129310344827,0,0,0.0,lzo,1.0,1.0
2026-03-04 19:58:58.190437,0.0,0.2,True,2.923466516601013,0,0,0.0,lzo,1.0,1.0
2026-03-04 19:59:05.213006,0.0,0.2,True,2.91887323943662,0,0,0.0,lzo,1.0,1.0
2026-03-04 19:59:12.236371,0.0,25.3,True,2.924731182795699,0,0,0.0,lzo,1.0,1.0
2026-03-04 19:59:19.258879,0.0,25.1,True,2.9219015280135823,0,0,0.0,lzo,1.0,1.0
2026-03-04 19:59:26.284586,0.0,47.5,True,2.927189988623436,0,0,0.0,lzo,1.0,1.0
2026-03-04 19:59:33.302518,0.0,45.1,True,2.927189988623436,0,0,0.0,lzo,1.0,1.0
2026-03-04 19:59:40.326378,0.0,25.3,True,2.927189988623436,0,0,0.0,lzo,1.0,1.0
2026-03-04 19:59:47.347086,0.0,25.1,True,2.927189988623436,0,0,0.0,lzo,1.0,1.0
2026-03-04 19:59:54.369943,0.0,25.2,True,2.9061433447098977,0,0,0.0,lzo,1.0,1.0
2026-03-04 20:00:01.384721,0.0,25.3,True,2.9061433447098977,0,0,0.0,lzo,1.0,1.0
2026-03-04 20:00:08.408804,0.0,35.3,True,3.1709643235605793,0,0,0.0,lzo,1.0,1.0
2026-03-04 20:00:15.426239,0.78,43.2,True,3.3274932614555257,0,0,0.0,lzo,1.0,1.0
2026-03-04 20:00:22.454425,0.7,17.3,True,3.3440026954177897,0,0,0.0,lzo,1.0,1.0
2026-03-04 20:00:29.474136,0.31,9.7,True,3.3440026954177897,0,0,0.0,lzo,1.0,1.0
2026-03-04 20:00:36.498096,0.17,0.3,True,3.3440026954177897,0,0,0.0,lzo,1.0,1.0
2026-03-04 20:00:43.521791,0.07,0.0,True,3.3440026954177897,0,0,0.0,lzo,1.0,1.0
2026-03-04 20:00:50.537605,0.04,0.0,True,3.1161137440758293,0,0,0.0,lzo,1.0,1.0
2026-03-04 20:00:57.559559,0.01,0.5,True,3.10832769126608,0,0,0.0,lzo,1.0,1.0
2026-03-04 20:01:04.581914,0.0,0.0,True,3.10832769126608,0,0,0.0,lzo,1.0,1.0
2026-03-04 20:01:11.603769,0.0,0.0,True,3.10832769126608,0,0,0.0,lzo,1.0,1.0
2026-03-04 20:01:18.621249,0.0,0.0,True,3.10832769126608,0,0,0.0,lzo,1.0,1.0
2026-03-04 20:01:25.643397,0.0,0.2,True,3.1106973595125256,0,0,0.0,lzo,1.0,1.0
2026-03-04 20:01:32.665546,0.0,0.0,True,3.1100203114421126,0,0,0.0,lzo,1.0,1.0
2026-03-04 20:01:39.687448,0.0,0.2,True,3.109681787406906,0,0,0.0,lzo,1.0,1.0
2026-03-04 20:01:46.710003,0.0,0.0,True,3.109681787406906,0,0,0.0,lzo,1.0,1.0
2026-03-04 20:01:53.732235,0.0,0.0,True,3.109681787406906,0,0,0.0,lzo,1.0,1.0
2026-03-04 20:02:00.754094,0.0,0.0,True,3.109681787406906,0,0,0.0,lzo,1.0,1.0
2026-03-04 20:02:07.776490,0.0,0.0,True,3.109681787406906,0,0,0.0,lzo,1.0,1.0
2026-03-04 20:02:14.799662,0.0,2.2,True,3.109681787406906,0,0,0.0,lzo,1.0,1.0
2026-03-04 20:02:21.821343,0.0,11.5,True,3.109681787406906,0,0,0.0,lzo,1.0,1.0
2026-03-04 20:02:28.844469,0.0,16.2,True,3.109681787406906,0,0,0.0,lzo,1.0,1.0
2026-03-04 20:02:35.867167,0.0,11.8,True,3.109681787406906,0,0,0.0,lzo,1.0,1.0
2026-03-04 20:02:42.890823,0.0,2.2,True,3.109681787406906,0,0,0.0,lzo,1.0,1.0
2026-03-04 20:02:49.913341,0.0,0.0,True,3.109681787406906,0,0,0.0,lzo,1.0,1.0
2026-03-04 20:02:56.936965,0.0,0.0,True,3.109681787406906,0,0,0.0,lzo,1.0,1.0
2026-03-04 20:03:03.959722,0.0,0.2,True,3.109681787406906,0,0,0.0,lzo,1.0,1.0
2026-03-04 20:03:10.982255,0.0,0.0,True,3.109681787406906,0,0,0.0,lzo,1.0,1.0
2026-03-04 20:03:18.004301,0.0,0.0,True,3.109681787406906,0,0,0.0,lzo,1.0,1.0
2026-03-04 20:03:25.027450,0.0,0.0,True,3.109681787406906,0,0,0.0,lzo,1.0,1.0
2026-03-04 20:03:32.049259,0.0,0.5,True,3.111712931618145,0,0,0.0,lzo,1.0,1.0
2026-03-04 20:03:39.070867,0.0,0.0,True,3.111712931618145,0,0,0.0,lzo,1.0,1.0
2026-03-04 20:03:46.092975,0.0,0.0,True,3.111712931618145,0,0,0.0,lzo,1.0,1.0
2026-03-04 20:03:53.112714,0.0,0.2,True,3.111712931618145,0,0,0.0,lzo,1.0,1.0
2026-03-04 20:04:00.134743,0.0,0.0,True,3.1073121191604605,0,0,0.0,lzo,1.0,1.0
2026-03-04 20:04:07.157578,0.0,0.0,True,3.106973595125254,0,0,0.0,lzo,1.0,1.0
2026-03-04 20:04:14.179710,0.0,0.2,True,3.106973595125254,0,0,0.0,lzo,1.0,1.0
2026-03-04 20:04:21.203444,0.0,1.3,True,3.106973595125254,0,0,0.0,lzo,1.0,1.0
2026-03-04 20:04:28.225444,0.0,10.7,True,3.106973595125254,0,0,0.0,lzo,1.0,1.0
2026-03-04 20:04:35.249813,0.0,16.2,True,3.106973595125254,0,0,0.0,lzo,1.0,1.0
2026-03-04 20:04:42.273324,0.0,14.0,True,3.106973595125254,0,0,0.0,lzo,1.0,1.0
2026-03-04 20:04:49.297360,0.0,3.8,True,3.106973595125254,0,0,0.0,lzo,1.0,1.0
2026-03-04 20:04:56.320033,0.0,0.2,True,3.106973595125254,0,0,0.0,lzo,1.0,1.0
2026-03-04 20:05:03.342264,0.0,0.0,True,3.106973595125254,0,0,0.0,lzo,1.0,1.0
2026-03-04 20:05:10.364796,0.0,0.0,True,3.106973595125254,0,0,0.0,lzo,1.0,1.0
2026-03-04 20:05:17.386550,0.0,0.5,True,3.106973595125254,0,0,0.0,lzo,1.0,1.0
2026-03-04 20:05:24.408762,0.0,0.3,True,3.106973595125254,0,0,0.0,lzo,1.0,1.0
2026-03-04 20:05:31.431390,0.0,0.0,True,3.106973595125254,0,0,0.0,lzo,1.0,1.0
2026-03-04 20:05:38.453029,0.0,0.0,True,3.106973595125254,0,0,0.0,lzo,1.0,1.0
2026-03-04 20:05:45.469671,0.0,0.2,True,3.106973595125254,0,0,0.0,lzo,1.0,1.0
2026-03-04 20:05:52.491591,0.0,0.2,True,3.109681787406906,0,0,0.0,lzo,1.0,1.0
2026-03-04 20:05:59.513233,0.0,0.0,True,3.109681787406906,0,0,0.0,lzo,1.0,1.0
2026-03-04 20:06:06.535352,0.0,0.0,True,3.109681787406906,0,0,0.0,lzo,1.0,1.0
2026-03-04 20:06:13.557222,0.0,0.0,True,3.109681787406906,0,0,0.0,lzo,1.0,1.0
2026-03-04 20:06:20.579174,0.0,0.5,True,3.109681787406906,0,0,0.0,lzo,1.0,1.0
2026-03-04 20:06:27.601394,0.0,1.5,True,3.109681787406906,0,0,0.0,lzo,1.0,1.0
2026-03-04 20:06:34.624329,0.0,10.3,True,3.109681787406906,0,0,0.0,lzo,1.0,1.0
2026-03-04 20:06:41.647414,0.0,16.5,True,3.109681787406906,0,0,0.0,lzo,1.0,1.0
2026-03-04 20:06:48.670997,0.0,13.0,True,3.109681787406906,0,0,0.0,lzo,1.0,1.0
2026-03-04 20:06:55.693505,0.0,3.5,True,3.109681787406906,0,0,0.0,lzo,1.0,1.0
2026-03-04 20:07:02.718024,0.0,0.0,True,3.109681787406906,0,0,0.0,lzo,1.0,1.0
2026-03-04 20:07:09.740571,0.0,0.0,True,3.109681787406906,0,0,0.0,lzo,1.0,1.0
2026-03-04 20:07:16.762373,0.0,0.5,True,3.109681787406906,0,0,0.0,lzo,1.0,1.0
2026-03-04 20:07:23.784388,0.0,0.5,True,3.109681787406906,0,0,0.0,lzo,1.0,1.0
2026-03-04 20:07:30.806382,0.0,0.2,True,3.109681787406906,0,0,0.0,lzo,1.0,1.0
2026-03-04 20:07:37.820429,0.0,0.0,True,3.109681787406906,0,0,0.0,lzo,1.0,1.0
2026-03-04 20:07:44.842123,0.0,0.0,True,3.109681787406906,0,0,0.0,lzo,1.0,1.0
2026-03-04 20:07:51.858866,0.0,0.0,True,3.109681787406906,0,0,0.0,lzo,1.0,1.0
2026-03-04 20:07:58.881132,0.0,0.0,True,3.109681787406906,0,0,0.0,lzo,1.0,1.0
2026-03-04 20:08:05.903372,0.0,0.0,True,3.109681787406906,0,0,0.0,lzo,1.0,1.0
2026-03-04 20:08:12.925197,0.0,0.0,True,3.112051455653351,0,0,0.0,lzo,1.0,1.0
2026-03-04 20:08:19.941448,0.0,0.7,True,3.111712931618145,0,0,0.0,lzo,1.0,1.0
2026-03-04 20:08:26.957635,0.0,0.3,True,3.111712931618145,0,0,0.0,lzo,1.0,1.0
2026-03-04 20:08:33.979873,0.0,3.3,True,3.111712931618145,0,0,0.0,lzo,1.0,1.0
2026-03-04 20:08:41.003425,0.0,13.5,True,3.111712931618145,0,0,0.0,lzo,1.0,1.0
2026-03-04 20:08:48.027481,0.0,16.3,True,3.111712931618145,0,0,0.0,lzo,1.0,1.0
2026-03-04 20:08:55.050373,0.0,10.5,True,3.111712931618145,0,0,0.0,lzo,1.0,1.0
2026-03-04 20:09:02.073349,0.0,1.0,True,3.111712931618145,0,0,0.0,lzo,1.0,1.0
2026-03-04 20:09:09.089066,0.0,0.0,True,3.111712931618145,0,0,0.0,lzo,1.0,1.0
2026-03-04 20:09:16.111589,0.0,0.5,True,3.111712931618145,0,0,0.0,lzo,1.0,1.0
2026-03-04 20:09:23.129998,0.0,0.2,True,3.111712931618145,0,0,0.0,lzo,1.0,1.0
2026-03-04 20:09:30.154143,0.24,1.0,True,3.1140825998645902,0,0,0.0,lzo,1.0,1.0
2026-03-04 20:09:37.176198,0.13,0.5,True,3.1140825998645902,0,0,0.0,lzo,1.0,1.0
2026-03-04 20:09:44.198648,0.05,0.5,True,3.1140825998645902,0,0,0.0,lzo,1.0,1.0
2026-03-04 20:09:51.221070,0.03,0.0,True,3.1144211238997968,0,0,0.0,lzo,1.0,1.0
2026-03-04 20:09:58.243602,0.01,0.2,True,3.1144211238997968,0,0,0.0,lzo,1.0,1.0
2026-03-04 20:10:05.265778,0.0,0.2,True,3.1144211238997968,0,0,0.0,lzo,1.0,1.0
2026-03-04 20:10:12.287553,0.0,0.5,True,3.1144211238997968,0,0,0.0,lzo,1.0,1.0
2026-03-04 20:10:19.309658,0.0,0.5,True,3.1144211238997968,0,0,0.0,lzo,1.0,1.0
2026-03-04 20:10:26.331887,0.0,0.0,True,3.1144211238997968,0,0,0.0,lzo,1.0,1.0
2026-03-04 20:10:33.349433,0.0,0.0,True,3.1144211238997968,0,0,0.0,lzo,1.0,1.0
2026-03-04 20:10:40.371332,0.0,4.3,True,2.490529570931581,0,0,0.0,lzo,1.0,1.0
2026-03-04 20:10:47.393466,0.0,0.0,True,2.490529570931581,0,0,0.0,lzo,1.0,1.0
2026-03-04 20:10:54.415948,0.0,0.0,True,2.490529570931581,0,0,0.0,lzo,1.0,1.0
2026-03-04 20:11:01.437958,0.0,0.0,True,2.490529570931581,0,0,0.0,lzo,1.0,1.0
2026-03-04 20:11:08.460644,0.0,0.0,True,2.4876160990712073,0,0,0.0,lzo,1.0,1.0
2026-03-04 20:11:15.483406,0.0,0.0,True,2.487229102167183,0,0,0.0,lzo,1.0,1.0
2026-03-04 20:11:22.505637,0.0,0.0,True,2.486842105263158,0,0,0.0,lzo,1.0,1.0
2026-03-04 20:11:29.532753,0.0,0.2,True,2.486068111455108,0,0,0.0,lzo,1.0,1.0
2026-03-04 20:11:36.555074,0.0,0.0,True,2.4856811145510838,0,0,0.0,lzo,1.0,1.0
2026-03-04 20:11:43.579579,0.0,0.0,True,2.485294117647059,0,0,0.0,lzo,1.0,1.0
2026-03-04 20:11:50.605474,0.0,0.0,True,2.485294117647059,0,0,0.0,lzo,1.0,1.0
2026-03-04 20:11:57.628823,0.0,0.0,True,2.484907120743034,0,0,0.0,lzo,1.0,1.0
2026-03-04 20:12:04.652479,0.0,0.2,True,2.484520123839009,0,0,0.0,lzo,1.0,1.0
2026-03-04 20:12:11.677056,0.0,0.0,True,2.4841331269349847,0,0,0.0,lzo,1.0,1.0
2026-03-04 20:12:18.701433,0.0,0.0,True,2.4841331269349847,0,0,0.0,lzo,1.0,1.0
2026-03-04 20:12:25.726039,0.0,0.0,True,2.4841331269349847,0,0,0.0,lzo,1.0,1.0
2026-03-04 20:12:32.750672,0.0,0.0,True,2.4841331269349847,0,0,0.0,lzo,1.0,1.0
2026-03-04 20:12:39.768396,0.0,0.2,True,2.4841331269349847,0,0,0.0,lzo,1.0,1.0
2026-03-04 20:12:46.791239,0.0,0.0,True,2.4841331269349847,0,0,0.0,lzo,1.0,1.0
2026-03-04 20:12:53.814945,0.0,0.0,True,2.4841331269349847,0,0,0.0,lzo,1.0,1.0
2026-03-04 20:13:00.839032,0.0,0.0,True,2.4841331269349847,0,0,0.0,lzo,1.0,1.0
2026-03-04 20:13:07.863092,0.0,0.0,True,2.4841331269349847,0,0,0.0,lzo,1.0,1.0
2026-03-04 20:13:14.881663,0.0,0.0,True,2.4841331269349847,0,0,0.0,lzo,1.0,1.0
2026-03-04 20:13:21.905246,0.0,0.0,True,2.4841331269349847,0,0,0.0,lzo,1.0,1.0
2026-03-04 20:13:28.928558,0.0,0.0,True,2.4841331269349847,0,0,0.0,lzo,1.0,1.0
2026-03-04 20:13:35.956022,0.0,0.0,True,2.4841331269349847,0,0,0.0,lzo,1.0,1.0
2026-03-04 20:13:42.978880,0.0,0.0,True,2.48374613003096,0,0,0.0,lzo,1.0,1.0
2026-03-04 20:13:50.001487,0.0,0.0,True,2.483359133126935,0,0,0.0,lzo,1.0,1.0
